{"roc_auc_score": 0.9518324727437482, "average_precision_score": 0.5986505958159908}